{
  "_format": "hh-sol-cache-2",
  "files": {
    "C:\\Users\\vitalik\\Documents\\bridge\\contracts\\contracts\\Bridge.sol": {
      "lastModificationDate": 1737442206060,
      "contentHash": "b82cb33aaf676f57699236a45ad912ef",
      "sourceName": "contracts/Bridge.sol",
      "solcConfig": {
        "version": "0.8.20",
        "settings": {
          "optimizer": {
            "enabled": true,
            "runs": 100
          },
          "viaIR": true,
          "evmVersion": "paris",
          "outputSelection": {
            "*": {
              "*": [
                "abi",
                "evm.bytecode",
                "evm.deployedBytecode",
                "evm.methodIdentifiers",
                "metadata"
              ],
              "": [
                "ast"
              ]
            }
          }
        }
      },
      "imports": [
        "@openzeppelin/contracts/utils/Strings.sol",
        "@openzeppelin/contracts/access/AccessControl.sol",
        "@openzeppelin/contracts/token/ERC20/IERC20.sol",
        "@openzeppelin/contracts/utils/Strings.sol",
        "./ERC20B.sol",
        "./LuxVault.sol"
      ],
      "versionPragmas": [
        "^0.8.20"
      ],
      "artifacts": [
        "Bridge"
      ]
    },
    "C:\\Users\\vitalik\\Documents\\bridge\\contracts\\contracts\\ERC20B.sol": {
      "lastModificationDate": 1736422085319,
      "contentHash": "503a3f382cd2655e8e874d0ade931581",
      "sourceName": "contracts/ERC20B.sol",
      "solcConfig": {
        "version": "0.8.20",
        "settings": {
          "optimizer": {
            "enabled": true,
            "runs": 100
          },
          "viaIR": true,
          "evmVersion": "paris",
          "outputSelection": {
            "*": {
              "*": [
                "abi",
                "evm.bytecode",
                "evm.deployedBytecode",
                "evm.methodIdentifiers",
                "metadata"
              ],
              "": [
                "ast"
              ]
            }
          }
        }
      },
      "imports": [
        "@openzeppelin/contracts/token/ERC20/ERC20.sol",
        "@openzeppelin/contracts/access/Ownable.sol",
        "@openzeppelin/contracts/access/AccessControl.sol"
      ],
      "versionPragmas": [
        "^0.8.20"
      ],
      "artifacts": [
        "ERC20B"
      ]
    },
    "C:\\Users\\vitalik\\Documents\\bridge\\contracts\\contracts\\LuxVault.sol": {
      "lastModificationDate": 1736422085321,
      "contentHash": "368aebf1cd75cf428b886ae0d8330431",
      "sourceName": "contracts/LuxVault.sol",
      "solcConfig": {
        "version": "0.8.20",
        "settings": {
          "optimizer": {
            "enabled": true,
            "runs": 100
          },
          "viaIR": true,
          "evmVersion": "paris",
          "outputSelection": {
            "*": {
              "*": [
                "abi",
                "evm.bytecode",
                "evm.deployedBytecode",
                "evm.methodIdentifiers",
                "metadata"
              ],
              "": [
                "ast"
              ]
            }
          }
        }
      },
      "imports": [
        "@openzeppelin/contracts/token/ERC20/extensions/ERC4626.sol",
        "./LERC4626.sol",
        "@openzeppelin/contracts/token/ERC20/IERC20.sol",
        "@openzeppelin/contracts/token/ERC20/ERC20.sol",
        "./ETHVault.sol",
        "@openzeppelin/contracts/access/Ownable.sol"
      ],
      "versionPragmas": [
        "^0.8.20"
      ],
      "artifacts": [
        "LuxVault"
      ]
    },
    "C:\\Users\\vitalik\\Documents\\bridge\\contracts\\node_modules\\@openzeppelin\\contracts\\utils\\Strings.sol": {
      "lastModificationDate": 1736931611269,
      "contentHash": "a55fef2557b35bac18a1880d3c2e6740",
      "sourceName": "@openzeppelin/contracts/utils/Strings.sol",
      "solcConfig": {
        "version": "0.8.20",
        "settings": {
          "optimizer": {
            "enabled": true,
            "runs": 100
          },
          "viaIR": true,
          "evmVersion": "paris",
          "outputSelection": {
            "*": {
              "*": [
                "abi",
                "evm.bytecode",
                "evm.deployedBytecode",
                "evm.methodIdentifiers",
                "metadata"
              ],
              "": [
                "ast"
              ]
            }
          }
        }
      },
      "imports": [
        "./math/Math.sol",
        "./math/SafeCast.sol",
        "./math/SignedMath.sol"
      ],
      "versionPragmas": [
        "^0.8.20"
      ],
      "artifacts": [
        "Strings"
      ]
    },
    "C:\\Users\\vitalik\\Documents\\bridge\\contracts\\node_modules\\@openzeppelin\\contracts\\access\\AccessControl.sol": {
      "lastModificationDate": 1736931599910,
      "contentHash": "4c80b7fdf559a9a348e832a57d072a0b",
      "sourceName": "@openzeppelin/contracts/access/AccessControl.sol",
      "solcConfig": {
        "version": "0.8.20",
        "settings": {
          "optimizer": {
            "enabled": true,
            "runs": 100
          },
          "viaIR": true,
          "evmVersion": "paris",
          "outputSelection": {
            "*": {
              "*": [
                "abi",
                "evm.bytecode",
                "evm.deployedBytecode",
                "evm.methodIdentifiers",
                "metadata"
              ],
              "": [
                "ast"
              ]
            }
          }
        }
      },
      "imports": [
        "./IAccessControl.sol",
        "../utils/Context.sol",
        "../utils/introspection/ERC165.sol"
      ],
      "versionPragmas": [
        "^0.8.20"
      ],
      "artifacts": [
        "AccessControl"
      ]
    },
    "C:\\Users\\vitalik\\Documents\\bridge\\contracts\\node_modules\\@openzeppelin\\contracts\\token\\ERC20\\IERC20.sol": {
      "lastModificationDate": 1736931610997,
      "contentHash": "8f19f64d2adadf448840908bbaf431c8",
      "sourceName": "@openzeppelin/contracts/token/ERC20/IERC20.sol",
      "solcConfig": {
        "version": "0.8.20",
        "settings": {
          "optimizer": {
            "enabled": true,
            "runs": 100
          },
          "viaIR": true,
          "evmVersion": "paris",
          "outputSelection": {
            "*": {
              "*": [
                "abi",
                "evm.bytecode",
                "evm.deployedBytecode",
                "evm.methodIdentifiers",
                "metadata"
              ],
              "": [
                "ast"
              ]
            }
          }
        }
      },
      "imports": [],
      "versionPragmas": [
        "^0.8.20"
      ],
      "artifacts": [
        "IERC20"
      ]
    },
    "C:\\Users\\vitalik\\Documents\\bridge\\contracts\\node_modules\\@openzeppelin\\contracts\\access\\Ownable.sol": {
      "lastModificationDate": 1736931611182,
      "contentHash": "d3c790edc9ccf808a17c5a6cd13614fd",
      "sourceName": "@openzeppelin/contracts/access/Ownable.sol",
      "solcConfig": {
        "version": "0.8.20",
        "settings": {
          "optimizer": {
            "enabled": true,
            "runs": 100
          },
          "viaIR": true,
          "evmVersion": "paris",
          "outputSelection": {
            "*": {
              "*": [
                "abi",
                "evm.bytecode",
                "evm.deployedBytecode",
                "evm.methodIdentifiers",
                "metadata"
              ],
              "": [
                "ast"
              ]
            }
          }
        }
      },
      "imports": [
        "../utils/Context.sol"
      ],
      "versionPragmas": [
        "^0.8.20"
      ],
      "artifacts": [
        "Ownable"
      ]
    },
    "C:\\Users\\vitalik\\Documents\\bridge\\contracts\\node_modules\\@openzeppelin\\contracts\\token\\ERC20\\ERC20.sol": {
      "lastModificationDate": 1736931607948,
      "contentHash": "227a6eb2225701c12d9c959b758b6333",
      "sourceName": "@openzeppelin/contracts/token/ERC20/ERC20.sol",
      "solcConfig": {
        "version": "0.8.20",
        "settings": {
          "optimizer": {
            "enabled": true,
            "runs": 100
          },
          "viaIR": true,
          "evmVersion": "paris",
          "outputSelection": {
            "*": {
              "*": [
                "abi",
                "evm.bytecode",
                "evm.deployedBytecode",
                "evm.methodIdentifiers",
                "metadata"
              ],
              "": [
                "ast"
              ]
            }
          }
        }
      },
      "imports": [
        "./IERC20.sol",
        "./extensions/IERC20Metadata.sol",
        "../../utils/Context.sol",
        "../../interfaces/draft-IERC6093.sol"
      ],
      "versionPragmas": [
        "^0.8.20"
      ],
      "artifacts": [
        "ERC20"
      ]
    },
    "C:\\Users\\vitalik\\Documents\\bridge\\contracts\\node_modules\\@openzeppelin\\contracts\\utils\\Context.sol": {
      "lastModificationDate": 1736931604182,
      "contentHash": "67bfbc07588eb8683b3fd8f6f909563e",
      "sourceName": "@openzeppelin/contracts/utils/Context.sol",
      "solcConfig": {
        "version": "0.8.20",
        "settings": {
          "optimizer": {
            "enabled": true,
            "runs": 100
          },
          "viaIR": true,
          "evmVersion": "paris",
          "outputSelection": {
            "*": {
              "*": [
                "abi",
                "evm.bytecode",
                "evm.deployedBytecode",
                "evm.methodIdentifiers",
                "metadata"
              ],
              "": [
                "ast"
              ]
            }
          }
        }
      },
      "imports": [],
      "versionPragmas": [
        "^0.8.20"
      ],
      "artifacts": [
        "Context"
      ]
    },
    "C:\\Users\\vitalik\\Documents\\bridge\\contracts\\node_modules\\@openzeppelin\\contracts\\access\\IAccessControl.sol": {
      "lastModificationDate": 1736931610000,
      "contentHash": "6f7fac9fa0df6004375e18b7ff7edf4e",
      "sourceName": "@openzeppelin/contracts/access/IAccessControl.sol",
      "solcConfig": {
        "version": "0.8.20",
        "settings": {
          "optimizer": {
            "enabled": true,
            "runs": 100
          },
          "viaIR": true,
          "evmVersion": "paris",
          "outputSelection": {
            "*": {
              "*": [
                "abi",
                "evm.bytecode",
                "evm.deployedBytecode",
                "evm.methodIdentifiers",
                "metadata"
              ],
              "": [
                "ast"
              ]
            }
          }
        }
      },
      "imports": [],
      "versionPragmas": [
        "^0.8.20"
      ],
      "artifacts": [
        "IAccessControl"
      ]
    },
    "C:\\Users\\vitalik\\Documents\\bridge\\contracts\\node_modules\\@openzeppelin\\contracts\\utils\\introspection\\ERC165.sol": {
      "lastModificationDate": 1736931607847,
      "contentHash": "7c03c1e37c3dc24eafb76dc2b8a5c3a6",
      "sourceName": "@openzeppelin/contracts/utils/introspection/ERC165.sol",
      "solcConfig": {
        "version": "0.8.20",
        "settings": {
          "optimizer": {
            "enabled": true,
            "runs": 100
          },
          "viaIR": true,
          "evmVersion": "paris",
          "outputSelection": {
            "*": {
              "*": [
                "abi",
                "evm.bytecode",
                "evm.deployedBytecode",
                "evm.methodIdentifiers",
                "metadata"
              ],
              "": [
                "ast"
              ]
            }
          }
        }
      },
      "imports": [
        "./IERC165.sol"
      ],
      "versionPragmas": [
        "^0.8.20"
      ],
      "artifacts": [
        "ERC165"
      ]
    },
    "C:\\Users\\vitalik\\Documents\\bridge\\contracts\\node_modules\\@openzeppelin\\contracts\\utils\\introspection\\IERC165.sol": {
      "lastModificationDate": 1736931610981,
      "contentHash": "bf0119eb2a570f219729ff38b6cd1df8",
      "sourceName": "@openzeppelin/contracts/utils/introspection/IERC165.sol",
      "solcConfig": {
        "version": "0.8.20",
        "settings": {
          "optimizer": {
            "enabled": true,
            "runs": 100
          },
          "viaIR": true,
          "evmVersion": "paris",
          "outputSelection": {
            "*": {
              "*": [
                "abi",
                "evm.bytecode",
                "evm.deployedBytecode",
                "evm.methodIdentifiers",
                "metadata"
              ],
              "": [
                "ast"
              ]
            }
          }
        }
      },
      "imports": [],
      "versionPragmas": [
        "^0.8.20"
      ],
      "artifacts": [
        "IERC165"
      ]
    },
    "C:\\Users\\vitalik\\Documents\\bridge\\contracts\\node_modules\\@openzeppelin\\contracts\\interfaces\\draft-IERC6093.sol": {
      "lastModificationDate": 1736931605158,
      "contentHash": "267d92fe4de67b1bdb3302c08f387dbf",
      "sourceName": "@openzeppelin/contracts/interfaces/draft-IERC6093.sol",
      "solcConfig": {
        "version": "0.8.20",
        "settings": {
          "optimizer": {
            "enabled": true,
            "runs": 100
          },
          "viaIR": true,
          "evmVersion": "paris",
          "outputSelection": {
            "*": {
              "*": [
                "abi",
                "evm.bytecode",
                "evm.deployedBytecode",
                "evm.methodIdentifiers",
                "metadata"
              ],
              "": [
                "ast"
              ]
            }
          }
        }
      },
      "imports": [],
      "versionPragmas": [
        "^0.8.20"
      ],
      "artifacts": [
        "IERC1155Errors",
        "IERC20Errors",
        "IERC721Errors"
      ]
    },
    "C:\\Users\\vitalik\\Documents\\bridge\\contracts\\node_modules\\@openzeppelin\\contracts\\token\\ERC20\\extensions\\IERC20Metadata.sol": {
      "lastModificationDate": 1736931611005,
      "contentHash": "794db3115001aa372c79326fcfd44b1f",
      "sourceName": "@openzeppelin/contracts/token/ERC20/extensions/IERC20Metadata.sol",
      "solcConfig": {
        "version": "0.8.20",
        "settings": {
          "optimizer": {
            "enabled": true,
            "runs": 100
          },
          "viaIR": true,
          "evmVersion": "paris",
          "outputSelection": {
            "*": {
              "*": [
                "abi",
                "evm.bytecode",
                "evm.deployedBytecode",
                "evm.methodIdentifiers",
                "metadata"
              ],
              "": [
                "ast"
              ]
            }
          }
        }
      },
      "imports": [
        "../IERC20.sol"
      ],
      "versionPragmas": [
        "^0.8.20"
      ],
      "artifacts": [
        "IERC20Metadata"
      ]
    },
    "C:\\Users\\vitalik\\Documents\\bridge\\contracts\\contracts\\LERC4626.sol": {
      "lastModificationDate": 1736422085320,
      "contentHash": "46b630d77fc270b2e5d020989114857b",
      "sourceName": "contracts/LERC4626.sol",
      "solcConfig": {
        "version": "0.8.20",
        "settings": {
          "optimizer": {
            "enabled": true,
            "runs": 100
          },
          "viaIR": true,
          "evmVersion": "paris",
          "outputSelection": {
            "*": {
              "*": [
                "abi",
                "evm.bytecode",
                "evm.deployedBytecode",
                "evm.methodIdentifiers",
                "metadata"
              ],
              "": [
                "ast"
              ]
            }
          }
        }
      },
      "imports": [
        "@openzeppelin/contracts/token/ERC20/extensions/ERC4626.sol",
        "@openzeppelin/contracts/token/ERC20/IERC20.sol",
        "@openzeppelin/contracts/token/ERC20/ERC20.sol"
      ],
      "versionPragmas": [
        "^0.8.20"
      ],
      "artifacts": [
        "LERC4626"
      ]
    },
    "C:\\Users\\vitalik\\Documents\\bridge\\contracts\\contracts\\ETHVault.sol": {
      "lastModificationDate": 1736422085319,
      "contentHash": "f08b0917da8f53bd46f315e42e9f34e4",
      "sourceName": "contracts/ETHVault.sol",
      "solcConfig": {
        "version": "0.8.20",
        "settings": {
          "optimizer": {
            "enabled": true,
            "runs": 100
          },
          "viaIR": true,
          "evmVersion": "paris",
          "outputSelection": {
            "*": {
              "*": [
                "abi",
                "evm.bytecode",
                "evm.deployedBytecode",
                "evm.methodIdentifiers",
                "metadata"
              ],
              "": [
                "ast"
              ]
            }
          }
        }
      },
      "imports": [
        "@openzeppelin/contracts/token/ERC20/ERC20.sol"
      ],
      "versionPragmas": [
        "^0.8.20"
      ],
      "artifacts": [
        "ETHVault"
      ]
    },
    "C:\\Users\\vitalik\\Documents\\bridge\\contracts\\node_modules\\@openzeppelin\\contracts\\token\\ERC20\\extensions\\ERC4626.sol": {
      "lastModificationDate": 1736931608262,
      "contentHash": "04618d4c9ee497acd32f4cfb661c6470",
      "sourceName": "@openzeppelin/contracts/token/ERC20/extensions/ERC4626.sol",
      "solcConfig": {
        "version": "0.8.20",
        "settings": {
          "optimizer": {
            "enabled": true,
            "runs": 100
          },
          "viaIR": true,
          "evmVersion": "paris",
          "outputSelection": {
            "*": {
              "*": [
                "abi",
                "evm.bytecode",
                "evm.deployedBytecode",
                "evm.methodIdentifiers",
                "metadata"
              ],
              "": [
                "ast"
              ]
            }
          }
        }
      },
      "imports": [
        "../ERC20.sol",
        "../utils/SafeERC20.sol",
        "../../../interfaces/IERC4626.sol",
        "../../../utils/math/Math.sol"
      ],
      "versionPragmas": [
        "^0.8.20"
      ],
      "artifacts": [
        "ERC4626"
      ]
    },
    "C:\\Users\\vitalik\\Documents\\bridge\\contracts\\node_modules\\@openzeppelin\\contracts\\utils\\math\\Math.sol": {
      "lastModificationDate": 1736931611136,
      "contentHash": "2b2665ae9bdb1af440658741a77fe213",
      "sourceName": "@openzeppelin/contracts/utils/math/Math.sol",
      "solcConfig": {
        "version": "0.8.20",
        "settings": {
          "optimizer": {
            "enabled": true,
            "runs": 100
          },
          "viaIR": true,
          "evmVersion": "paris",
          "outputSelection": {
            "*": {
              "*": [
                "abi",
                "evm.bytecode",
                "evm.deployedBytecode",
                "evm.methodIdentifiers",
                "metadata"
              ],
              "": [
                "ast"
              ]
            }
          }
        }
      },
      "imports": [
        "../Panic.sol",
        "./SafeCast.sol"
      ],
      "versionPragmas": [
        "^0.8.20"
      ],
      "artifacts": [
        "Math"
      ]
    },
    "C:\\Users\\vitalik\\Documents\\bridge\\contracts\\node_modules\\@openzeppelin\\contracts\\interfaces\\IERC4626.sol": {
      "lastModificationDate": 1736931611035,
      "contentHash": "2e6c1c1cadadeaf67203fc712d7d9b00",
      "sourceName": "@openzeppelin/contracts/interfaces/IERC4626.sol",
      "solcConfig": {
        "version": "0.8.20",
        "settings": {
          "optimizer": {
            "enabled": true,
            "runs": 100
          },
          "viaIR": true,
          "evmVersion": "paris",
          "outputSelection": {
            "*": {
              "*": [
                "abi",
                "evm.bytecode",
                "evm.deployedBytecode",
                "evm.methodIdentifiers",
                "metadata"
              ],
              "": [
                "ast"
              ]
            }
          }
        }
      },
      "imports": [
        "../token/ERC20/IERC20.sol",
        "../token/ERC20/extensions/IERC20Metadata.sol"
      ],
      "versionPragmas": [
        "^0.8.20"
      ],
      "artifacts": [
        "IERC4626"
      ]
    },
    "C:\\Users\\vitalik\\Documents\\bridge\\contracts\\node_modules\\@openzeppelin\\contracts\\token\\ERC20\\utils\\SafeERC20.sol": {
      "lastModificationDate": 1736931611245,
      "contentHash": "b6c6348d1c4d3e890f8d8a885b2477c0",
      "sourceName": "@openzeppelin/contracts/token/ERC20/utils/SafeERC20.sol",
      "solcConfig": {
        "version": "0.8.20",
        "settings": {
          "optimizer": {
            "enabled": true,
            "runs": 100
          },
          "viaIR": true,
          "evmVersion": "paris",
          "outputSelection": {
            "*": {
              "*": [
                "abi",
                "evm.bytecode",
                "evm.deployedBytecode",
                "evm.methodIdentifiers",
                "metadata"
              ],
              "": [
                "ast"
              ]
            }
          }
        }
      },
      "imports": [
        "../IERC20.sol",
        "../../../interfaces/IERC1363.sol"
      ],
      "versionPragmas": [
        "^0.8.20"
      ],
      "artifacts": [
        "SafeERC20"
      ]
    },
    "C:\\Users\\vitalik\\Documents\\bridge\\contracts\\node_modules\\@openzeppelin\\contracts\\utils\\math\\SafeCast.sol": {
      "lastModificationDate": 1736931611240,
      "contentHash": "2adca1150f58fc6f3d1f0a0f22ee7cca",
      "sourceName": "@openzeppelin/contracts/utils/math/SafeCast.sol",
      "solcConfig": {
        "version": "0.8.20",
        "settings": {
          "optimizer": {
            "enabled": true,
            "runs": 100
          },
          "viaIR": true,
          "evmVersion": "paris",
          "outputSelection": {
            "*": {
              "*": [
                "abi",
                "evm.bytecode",
                "evm.deployedBytecode",
                "evm.methodIdentifiers",
                "metadata"
              ],
              "": [
                "ast"
              ]
            }
          }
        }
      },
      "imports": [],
      "versionPragmas": [
        "^0.8.20"
      ],
      "artifacts": [
        "SafeCast"
      ]
    },
    "C:\\Users\\vitalik\\Documents\\bridge\\contracts\\node_modules\\@openzeppelin\\contracts\\utils\\Panic.sol": {
      "lastModificationDate": 1736931611202,
      "contentHash": "2133dc13536b4a6a98131e431fac59e1",
      "sourceName": "@openzeppelin/contracts/utils/Panic.sol",
      "solcConfig": {
        "version": "0.8.20",
        "settings": {
          "optimizer": {
            "enabled": true,
            "runs": 100
          },
          "viaIR": true,
          "evmVersion": "paris",
          "outputSelection": {
            "*": {
              "*": [
                "abi",
                "evm.bytecode",
                "evm.deployedBytecode",
                "evm.methodIdentifiers",
                "metadata"
              ],
              "": [
                "ast"
              ]
            }
          }
        }
      },
      "imports": [],
      "versionPragmas": [
        "^0.8.20"
      ],
      "artifacts": [
        "Panic"
      ]
    },
    "C:\\Users\\vitalik\\Documents\\bridge\\contracts\\node_modules\\@openzeppelin\\contracts\\interfaces\\IERC1363.sol": {
      "lastModificationDate": 1736931610963,
      "contentHash": "6b7c5ee7a59c981072a804c99ab0fac9",
      "sourceName": "@openzeppelin/contracts/interfaces/IERC1363.sol",
      "solcConfig": {
        "version": "0.8.20",
        "settings": {
          "optimizer": {
            "enabled": true,
            "runs": 100
          },
          "viaIR": true,
          "evmVersion": "paris",
          "outputSelection": {
            "*": {
              "*": [
                "abi",
                "evm.bytecode",
                "evm.deployedBytecode",
                "evm.methodIdentifiers",
                "metadata"
              ],
              "": [
                "ast"
              ]
            }
          }
        }
      },
      "imports": [
        "./IERC20.sol",
        "./IERC165.sol"
      ],
      "versionPragmas": [
        "^0.8.20"
      ],
      "artifacts": [
        "IERC1363"
      ]
    },
    "C:\\Users\\vitalik\\Documents\\bridge\\contracts\\node_modules\\@openzeppelin\\contracts\\interfaces\\IERC165.sol": {
      "lastModificationDate": 1736931610977,
      "contentHash": "f808b485ee0cdc6768ee8385ae5f9a2a",
      "sourceName": "@openzeppelin/contracts/interfaces/IERC165.sol",
      "solcConfig": {
        "version": "0.8.20",
        "settings": {
          "optimizer": {
            "enabled": true,
            "runs": 100
          },
          "viaIR": true,
          "evmVersion": "paris",
          "outputSelection": {
            "*": {
              "*": [
                "abi",
                "evm.bytecode",
                "evm.deployedBytecode",
                "evm.methodIdentifiers",
                "metadata"
              ],
              "": [
                "ast"
              ]
            }
          }
        }
      },
      "imports": [
        "../utils/introspection/IERC165.sol"
      ],
      "versionPragmas": [
        "^0.8.20"
      ],
      "artifacts": []
    },
    "C:\\Users\\vitalik\\Documents\\bridge\\contracts\\node_modules\\@openzeppelin\\contracts\\interfaces\\IERC20.sol": {
      "lastModificationDate": 1736931610993,
      "contentHash": "79af12d64eacc7d77b9ee2ac4b4d51ee",
      "sourceName": "@openzeppelin/contracts/interfaces/IERC20.sol",
      "solcConfig": {
        "version": "0.8.20",
        "settings": {
          "optimizer": {
            "enabled": true,
            "runs": 100
          },
          "viaIR": true,
          "evmVersion": "paris",
          "outputSelection": {
            "*": {
              "*": [
                "abi",
                "evm.bytecode",
                "evm.deployedBytecode",
                "evm.methodIdentifiers",
                "metadata"
              ],
              "": [
                "ast"
              ]
            }
          }
        }
      },
      "imports": [
        "../token/ERC20/IERC20.sol"
      ],
      "versionPragmas": [
        "^0.8.20"
      ],
      "artifacts": []
    },
    "C:\\Users\\vitalik\\Documents\\bridge\\contracts\\node_modules\\@openzeppelin\\contracts\\utils\\math\\SignedMath.sol": {
      "lastModificationDate": 1736931611255,
      "contentHash": "ae3528afb8bdb0a7dcfba5b115ee8074",
      "sourceName": "@openzeppelin/contracts/utils/math/SignedMath.sol",
      "solcConfig": {
        "version": "0.8.20",
        "settings": {
          "optimizer": {
            "enabled": true,
            "runs": 100
          },
          "viaIR": true,
          "evmVersion": "paris",
          "outputSelection": {
            "*": {
              "*": [
                "abi",
                "evm.bytecode",
                "evm.deployedBytecode",
                "evm.methodIdentifiers",
                "metadata"
              ],
              "": [
                "ast"
              ]
            }
          }
        }
      },
      "imports": [
        "./SafeCast.sol"
      ],
      "versionPragmas": [
        "^0.8.20"
      ],
      "artifacts": [
        "SignedMath"
      ]
    },
    "C:\\Users\\vitalik\\Documents\\bridge\\contracts\\contracts\\ZooVault.sol": {
      "lastModificationDate": 1736422085323,
      "contentHash": "c3ceee2e4c202f6e737a856fcf7addfe",
      "sourceName": "contracts/ZooVault.sol",
      "solcConfig": {
        "version": "0.8.20",
        "settings": {
          "optimizer": {
            "enabled": true,
            "runs": 100
          },
          "viaIR": true,
          "evmVersion": "paris",
          "outputSelection": {
            "*": {
              "*": [
                "abi",
                "evm.bytecode",
                "evm.deployedBytecode",
                "evm.methodIdentifiers",
                "metadata"
              ],
              "": [
                "ast"
              ]
            }
          }
        }
      },
      "imports": [
        "@openzeppelin/contracts/token/ERC20/extensions/ERC4626.sol",
        "./LERC4626.sol",
        "@openzeppelin/contracts/token/ERC20/IERC20.sol",
        "@openzeppelin/contracts/token/ERC20/ERC20.sol",
        "./ETHVault.sol",
        "@openzeppelin/contracts/access/Ownable.sol"
      ],
      "versionPragmas": [
        "^0.8.20"
      ],
      "artifacts": [
        "ZooVault"
      ]
    },
    "C:\\Users\\vitalik\\Documents\\bridge\\contracts\\contracts\\zoo\\ZXDAI.sol": {
      "lastModificationDate": 1736422085346,
      "contentHash": "90875920f5337a611132ac0c1db61554",
      "sourceName": "contracts/zoo/ZXDAI.sol",
      "solcConfig": {
        "version": "0.8.20",
        "settings": {
          "optimizer": {
            "enabled": true,
            "runs": 100
          },
          "viaIR": true,
          "evmVersion": "paris",
          "outputSelection": {
            "*": {
              "*": [
                "abi",
                "evm.bytecode",
                "evm.deployedBytecode",
                "evm.methodIdentifiers",
                "metadata"
              ],
              "": [
                "ast"
              ]
            }
          }
        }
      },
      "imports": [
        "../ERC20B.sol"
      ],
      "versionPragmas": [
        "^0.8.20"
      ],
      "artifacts": [
        "ZooXDAI"
      ]
    },
    "C:\\Users\\vitalik\\Documents\\bridge\\contracts\\contracts\\zoo\\ZWIF.sol": {
      "lastModificationDate": 1736422085345,
      "contentHash": "473704edc3b66a2746419fdceb6fc5c8",
      "sourceName": "contracts/zoo/ZWIF.sol",
      "solcConfig": {
        "version": "0.8.20",
        "settings": {
          "optimizer": {
            "enabled": true,
            "runs": 100
          },
          "viaIR": true,
          "evmVersion": "paris",
          "outputSelection": {
            "*": {
              "*": [
                "abi",
                "evm.bytecode",
                "evm.deployedBytecode",
                "evm.methodIdentifiers",
                "metadata"
              ],
              "": [
                "ast"
              ]
            }
          }
        }
      },
      "imports": [
        "../ERC20B.sol"
      ],
      "versionPragmas": [
        "^0.8.20"
      ],
      "artifacts": [
        "ZooWIF"
      ]
    },
    "C:\\Users\\vitalik\\Documents\\bridge\\contracts\\contracts\\zoo\\ZUSD.sol": {
      "lastModificationDate": 1736422085345,
      "contentHash": "5db347187f4e66837acaab430b376c12",
      "sourceName": "contracts/zoo/ZUSD.sol",
      "solcConfig": {
        "version": "0.8.20",
        "settings": {
          "optimizer": {
            "enabled": true,
            "runs": 100
          },
          "viaIR": true,
          "evmVersion": "paris",
          "outputSelection": {
            "*": {
              "*": [
                "abi",
                "evm.bytecode",
                "evm.deployedBytecode",
                "evm.methodIdentifiers",
                "metadata"
              ],
              "": [
                "ast"
              ]
            }
          }
        }
      },
      "imports": [
        "../ERC20B.sol"
      ],
      "versionPragmas": [
        "^0.8.20"
      ],
      "artifacts": [
        "ZooUSD"
      ]
    },
    "C:\\Users\\vitalik\\Documents\\bridge\\contracts\\contracts\\zoo\\ZTON.sol": {
      "lastModificationDate": 1736422085345,
      "contentHash": "9c45e91b3980431ef5f508889dd1727d",
      "sourceName": "contracts/zoo/ZTON.sol",
      "solcConfig": {
        "version": "0.8.20",
        "settings": {
          "optimizer": {
            "enabled": true,
            "runs": 100
          },
          "viaIR": true,
          "evmVersion": "paris",
          "outputSelection": {
            "*": {
              "*": [
                "abi",
                "evm.bytecode",
                "evm.deployedBytecode",
                "evm.methodIdentifiers",
                "metadata"
              ],
              "": [
                "ast"
              ]
            }
          }
        }
      },
      "imports": [
        "../ERC20B.sol"
      ],
      "versionPragmas": [
        "^0.8.20"
      ],
      "artifacts": [
        "ZooTON"
      ]
    },
    "C:\\Users\\vitalik\\Documents\\bridge\\contracts\\contracts\\zoo\\ZSOL.sol": {
      "lastModificationDate": 1736422085344,
      "contentHash": "a4492b5d3ffdba24a6f6b06a99899f15",
      "sourceName": "contracts/zoo/ZSOL.sol",
      "solcConfig": {
        "version": "0.8.20",
        "settings": {
          "optimizer": {
            "enabled": true,
            "runs": 100
          },
          "viaIR": true,
          "evmVersion": "paris",
          "outputSelection": {
            "*": {
              "*": [
                "abi",
                "evm.bytecode",
                "evm.deployedBytecode",
                "evm.methodIdentifiers",
                "metadata"
              ],
              "": [
                "ast"
              ]
            }
          }
        }
      },
      "imports": [
        "../ERC20B.sol"
      ],
      "versionPragmas": [
        "^0.8.20"
      ],
      "artifacts": [
        "ZooSOL"
      ]
    },
    "C:\\Users\\vitalik\\Documents\\bridge\\contracts\\contracts\\zoo\\ZREDO.sol": {
      "lastModificationDate": 1736422085344,
      "contentHash": "c321c1dc73aec4b3128954a948536ca3",
      "sourceName": "contracts/zoo/ZREDO.sol",
      "solcConfig": {
        "version": "0.8.20",
        "settings": {
          "optimizer": {
            "enabled": true,
            "runs": 100
          },
          "viaIR": true,
          "evmVersion": "paris",
          "outputSelection": {
            "*": {
              "*": [
                "abi",
                "evm.bytecode",
                "evm.deployedBytecode",
                "evm.methodIdentifiers",
                "metadata"
              ],
              "": [
                "ast"
              ]
            }
          }
        }
      },
      "imports": [
        "../ERC20B.sol"
      ],
      "versionPragmas": [
        "^0.8.20"
      ],
      "artifacts": [
        "ZooREDO"
      ]
    },
    "C:\\Users\\vitalik\\Documents\\bridge\\contracts\\contracts\\zoo\\ZPUNT.sol": {
      "lastModificationDate": 1736422085343,
      "contentHash": "9b9110c91d2813fad50784044e3b9c78",
      "sourceName": "contracts/zoo/ZPUNT.sol",
      "solcConfig": {
        "version": "0.8.20",
        "settings": {
          "optimizer": {
            "enabled": true,
            "runs": 100
          },
          "viaIR": true,
          "evmVersion": "paris",
          "outputSelection": {
            "*": {
              "*": [
                "abi",
                "evm.bytecode",
                "evm.deployedBytecode",
                "evm.methodIdentifiers",
                "metadata"
              ],
              "": [
                "ast"
              ]
            }
          }
        }
      },
      "imports": [
        "../ERC20B.sol"
      ],
      "versionPragmas": [
        "^0.8.20"
      ],
      "artifacts": [
        "ZooPNUT"
      ]
    },
    "C:\\Users\\vitalik\\Documents\\bridge\\contracts\\contracts\\zoo\\ZPOPCAT.sol": {
      "lastModificationDate": 1736422085343,
      "contentHash": "fb671db9a83aab28236ca4ee16914f42",
      "sourceName": "contracts/zoo/ZPOPCAT.sol",
      "solcConfig": {
        "version": "0.8.20",
        "settings": {
          "optimizer": {
            "enabled": true,
            "runs": 100
          },
          "viaIR": true,
          "evmVersion": "paris",
          "outputSelection": {
            "*": {
              "*": [
                "abi",
                "evm.bytecode",
                "evm.deployedBytecode",
                "evm.methodIdentifiers",
                "metadata"
              ],
              "": [
                "ast"
              ]
            }
          }
        }
      },
      "imports": [
        "../ERC20B.sol"
      ],
      "versionPragmas": [
        "^0.8.20"
      ],
      "artifacts": [
        "ZooPopcat"
      ]
    },
    "C:\\Users\\vitalik\\Documents\\bridge\\contracts\\contracts\\zoo\\ZPONKE.sol": {
      "lastModificationDate": 1736422085342,
      "contentHash": "2ad41b3b066cc0a7d3647dcfa8e0e815",
      "sourceName": "contracts/zoo/ZPONKE.sol",
      "solcConfig": {
        "version": "0.8.20",
        "settings": {
          "optimizer": {
            "enabled": true,
            "runs": 100
          },
          "viaIR": true,
          "evmVersion": "paris",
          "outputSelection": {
            "*": {
              "*": [
                "abi",
                "evm.bytecode",
                "evm.deployedBytecode",
                "evm.methodIdentifiers",
                "metadata"
              ],
              "": [
                "ast"
              ]
            }
          }
        }
      },
      "imports": [
        "../ERC20B.sol"
      ],
      "versionPragmas": [
        "^0.8.20"
      ],
      "artifacts": [
        "ZooPONKE"
      ]
    },
    "C:\\Users\\vitalik\\Documents\\bridge\\contracts\\contracts\\zoo\\ZPOL.sol": {
      "lastModificationDate": 1736422085342,
      "contentHash": "59a5ca9b445523db36397271177ce0a7",
      "sourceName": "contracts/zoo/ZPOL.sol",
      "solcConfig": {
        "version": "0.8.20",
        "settings": {
          "optimizer": {
            "enabled": true,
            "runs": 100
          },
          "viaIR": true,
          "evmVersion": "paris",
          "outputSelection": {
            "*": {
              "*": [
                "abi",
                "evm.bytecode",
                "evm.deployedBytecode",
                "evm.methodIdentifiers",
                "metadata"
              ],
              "": [
                "ast"
              ]
            }
          }
        }
      },
      "imports": [
        "../ERC20B.sol"
      ],
      "versionPragmas": [
        "^0.8.20"
      ],
      "artifacts": [
        "ZooPOL"
      ]
    },
    "C:\\Users\\vitalik\\Documents\\bridge\\contracts\\contracts\\zoo\\ZNOT.sol": {
      "lastModificationDate": 1736422085342,
      "contentHash": "0e6196c7ead8beaab19f6f31b0966c18",
      "sourceName": "contracts/zoo/ZNOT.sol",
      "solcConfig": {
        "version": "0.8.20",
        "settings": {
          "optimizer": {
            "enabled": true,
            "runs": 100
          },
          "viaIR": true,
          "evmVersion": "paris",
          "outputSelection": {
            "*": {
              "*": [
                "abi",
                "evm.bytecode",
                "evm.deployedBytecode",
                "evm.methodIdentifiers",
                "metadata"
              ],
              "": [
                "ast"
              ]
            }
          }
        }
      },
      "imports": [
        "../ERC20B.sol"
      ],
      "versionPragmas": [
        "^0.8.20"
      ],
      "artifacts": [
        "ZooNOT"
      ]
    },
    "C:\\Users\\vitalik\\Documents\\bridge\\contracts\\contracts\\zoo\\ZMRB.sol": {
      "lastModificationDate": 1736422085341,
      "contentHash": "801bbbc57e0f0d15cd03096687e32b55",
      "sourceName": "contracts/zoo/ZMRB.sol",
      "solcConfig": {
        "version": "0.8.20",
        "settings": {
          "optimizer": {
            "enabled": true,
            "runs": 100
          },
          "viaIR": true,
          "evmVersion": "paris",
          "outputSelection": {
            "*": {
              "*": [
                "abi",
                "evm.bytecode",
                "evm.deployedBytecode",
                "evm.methodIdentifiers",
                "metadata"
              ],
              "": [
                "ast"
              ]
            }
          }
        }
      },
      "imports": [
        "../ERC20B.sol"
      ],
      "versionPragmas": [
        "^0.8.20"
      ],
      "artifacts": [
        "ZooMRB"
      ]
    },
    "C:\\Users\\vitalik\\Documents\\bridge\\contracts\\contracts\\zoo\\ZMOODENG.sol": {
      "lastModificationDate": 1736422085341,
      "contentHash": "cb353256c9495ec4d6d445edf6b9e8bc",
      "sourceName": "contracts/zoo/ZMOODENG.sol",
      "solcConfig": {
        "version": "0.8.20",
        "settings": {
          "optimizer": {
            "enabled": true,
            "runs": 100
          },
          "viaIR": true,
          "evmVersion": "paris",
          "outputSelection": {
            "*": {
              "*": [
                "abi",
                "evm.bytecode",
                "evm.deployedBytecode",
                "evm.methodIdentifiers",
                "metadata"
              ],
              "": [
                "ast"
              ]
            }
          }
        }
      },
      "imports": [
        "../ERC20B.sol"
      ],
      "versionPragmas": [
        "^0.8.20"
      ],
      "artifacts": [
        "ZooMOODENG"
      ]
    },
    "C:\\Users\\vitalik\\Documents\\bridge\\contracts\\contracts\\zoo\\ZMEW.sol": {
      "lastModificationDate": 1736422085341,
      "contentHash": "10f95f421bd9bf9c38c5d7d37011828d",
      "sourceName": "contracts/zoo/ZMEW.sol",
      "solcConfig": {
        "version": "0.8.20",
        "settings": {
          "optimizer": {
            "enabled": true,
            "runs": 100
          },
          "viaIR": true,
          "evmVersion": "paris",
          "outputSelection": {
            "*": {
              "*": [
                "abi",
                "evm.bytecode",
                "evm.deployedBytecode",
                "evm.methodIdentifiers",
                "metadata"
              ],
              "": [
                "ast"
              ]
            }
          }
        }
      },
      "imports": [
        "../ERC20B.sol"
      ],
      "versionPragmas": [
        "^0.8.20"
      ],
      "artifacts": [
        "ZooMEW"
      ]
    },
    "C:\\Users\\vitalik\\Documents\\bridge\\contracts\\contracts\\zoo\\ZLUX.sol": {
      "lastModificationDate": 1736422085340,
      "contentHash": "6220bc3a5cceb760d0a4eff65df75c7f",
      "sourceName": "contracts/zoo/ZLUX.sol",
      "solcConfig": {
        "version": "0.8.20",
        "settings": {
          "optimizer": {
            "enabled": true,
            "runs": 100
          },
          "viaIR": true,
          "evmVersion": "paris",
          "outputSelection": {
            "*": {
              "*": [
                "abi",
                "evm.bytecode",
                "evm.deployedBytecode",
                "evm.methodIdentifiers",
                "metadata"
              ],
              "": [
                "ast"
              ]
            }
          }
        }
      },
      "imports": [
        "../ERC20B.sol"
      ],
      "versionPragmas": [
        "^0.8.20"
      ],
      "artifacts": [
        "ZooLUX"
      ]
    },
    "C:\\Users\\vitalik\\Documents\\bridge\\contracts\\contracts\\zoo\\ZGIGA.sol": {
      "lastModificationDate": 1736422085340,
      "contentHash": "0d83d6ac394217f50ed9f4fabb1d67aa",
      "sourceName": "contracts/zoo/ZGIGA.sol",
      "solcConfig": {
        "version": "0.8.20",
        "settings": {
          "optimizer": {
            "enabled": true,
            "runs": 100
          },
          "viaIR": true,
          "evmVersion": "paris",
          "outputSelection": {
            "*": {
              "*": [
                "abi",
                "evm.bytecode",
                "evm.deployedBytecode",
                "evm.methodIdentifiers",
                "metadata"
              ],
              "": [
                "ast"
              ]
            }
          }
        }
      },
      "imports": [
        "../ERC20B.sol"
      ],
      "versionPragmas": [
        "^0.8.20"
      ],
      "artifacts": [
        "ZooGIGA"
      ]
    },
    "C:\\Users\\vitalik\\Documents\\bridge\\contracts\\contracts\\zoo\\ZFWOG.sol": {
      "lastModificationDate": 1736422085339,
      "contentHash": "00c74c9729feb44775f56c1b4e9c6c69",
      "sourceName": "contracts/zoo/ZFWOG.sol",
      "solcConfig": {
        "version": "0.8.20",
        "settings": {
          "optimizer": {
            "enabled": true,
            "runs": 100
          },
          "viaIR": true,
          "evmVersion": "paris",
          "outputSelection": {
            "*": {
              "*": [
                "abi",
                "evm.bytecode",
                "evm.deployedBytecode",
                "evm.methodIdentifiers",
                "metadata"
              ],
              "": [
                "ast"
              ]
            }
          }
        }
      },
      "imports": [
        "../ERC20B.sol"
      ],
      "versionPragmas": [
        "^0.8.20"
      ],
      "artifacts": [
        "ZooFWOG"
      ]
    },
    "C:\\Users\\vitalik\\Documents\\bridge\\contracts\\contracts\\zoo\\ZFTM.sol": {
      "lastModificationDate": 1736422085339,
      "contentHash": "89b53b6ecb6c7e465e41a76e38a83fac",
      "sourceName": "contracts/zoo/ZFTM.sol",
      "solcConfig": {
        "version": "0.8.20",
        "settings": {
          "optimizer": {
            "enabled": true,
            "runs": 100
          },
          "viaIR": true,
          "evmVersion": "paris",
          "outputSelection": {
            "*": {
              "*": [
                "abi",
                "evm.bytecode",
                "evm.deployedBytecode",
                "evm.methodIdentifiers",
                "metadata"
              ],
              "": [
                "ast"
              ]
            }
          }
        }
      },
      "imports": [
        "../ERC20B.sol"
      ],
      "versionPragmas": [
        "^0.8.20"
      ],
      "artifacts": [
        "ZooFTM"
      ]
    },
    "C:\\Users\\vitalik\\Documents\\bridge\\contracts\\contracts\\zoo\\ZETH.sol": {
      "lastModificationDate": 1736422085339,
      "contentHash": "630bcb7831e5f476791f5469986705a2",
      "sourceName": "contracts/zoo/ZETH.sol",
      "solcConfig": {
        "version": "0.8.20",
        "settings": {
          "optimizer": {
            "enabled": true,
            "runs": 100
          },
          "viaIR": true,
          "evmVersion": "paris",
          "outputSelection": {
            "*": {
              "*": [
                "abi",
                "evm.bytecode",
                "evm.deployedBytecode",
                "evm.methodIdentifiers",
                "metadata"
              ],
              "": [
                "ast"
              ]
            }
          }
        }
      },
      "imports": [
        "../ERC20B.sol"
      ],
      "versionPragmas": [
        "^0.8.20"
      ],
      "artifacts": [
        "ZooETH"
      ]
    },
    "C:\\Users\\vitalik\\Documents\\bridge\\contracts\\contracts\\zoo\\ZDOGS.sol": {
      "lastModificationDate": 1736422085338,
      "contentHash": "fe5e26d95ac1a28e7b51c05211edf71b",
      "sourceName": "contracts/zoo/ZDOGS.sol",
      "solcConfig": {
        "version": "0.8.20",
        "settings": {
          "optimizer": {
            "enabled": true,
            "runs": 100
          },
          "viaIR": true,
          "evmVersion": "paris",
          "outputSelection": {
            "*": {
              "*": [
                "abi",
                "evm.bytecode",
                "evm.deployedBytecode",
                "evm.methodIdentifiers",
                "metadata"
              ],
              "": [
                "ast"
              ]
            }
          }
        }
      },
      "imports": [
        "../ERC20B.sol"
      ],
      "versionPragmas": [
        "^0.8.20"
      ],
      "artifacts": [
        "ZooDOGS"
      ]
    },
    "C:\\Users\\vitalik\\Documents\\bridge\\contracts\\contracts\\zoo\\ZCELO.sol": {
      "lastModificationDate": 1736422085338,
      "contentHash": "07a369a16d15f1b584163351decfcdf5",
      "sourceName": "contracts/zoo/ZCELO.sol",
      "solcConfig": {
        "version": "0.8.20",
        "settings": {
          "optimizer": {
            "enabled": true,
            "runs": 100
          },
          "viaIR": true,
          "evmVersion": "paris",
          "outputSelection": {
            "*": {
              "*": [
                "abi",
                "evm.bytecode",
                "evm.deployedBytecode",
                "evm.methodIdentifiers",
                "metadata"
              ],
              "": [
                "ast"
              ]
            }
          }
        }
      },
      "imports": [
        "../ERC20B.sol"
      ],
      "versionPragmas": [
        "^0.8.20"
      ],
      "artifacts": [
        "ZooCELO"
      ]
    },
    "C:\\Users\\vitalik\\Documents\\bridge\\contracts\\contracts\\zoo\\ZBTC.sol": {
      "lastModificationDate": 1736422085337,
      "contentHash": "701d5ace53c5a1faecaa7bb7fecd4fe0",
      "sourceName": "contracts/zoo/ZBTC.sol",
      "solcConfig": {
        "version": "0.8.20",
        "settings": {
          "optimizer": {
            "enabled": true,
            "runs": 100
          },
          "viaIR": true,
          "evmVersion": "paris",
          "outputSelection": {
            "*": {
              "*": [
                "abi",
                "evm.bytecode",
                "evm.deployedBytecode",
                "evm.methodIdentifiers",
                "metadata"
              ],
              "": [
                "ast"
              ]
            }
          }
        }
      },
      "imports": [
        "../ERC20B.sol"
      ],
      "versionPragmas": [
        "^0.8.20"
      ],
      "artifacts": [
        "ZooBTC"
      ]
    },
    "C:\\Users\\vitalik\\Documents\\bridge\\contracts\\contracts\\zoo\\ZBONK.sol": {
      "lastModificationDate": 1736422085337,
      "contentHash": "32393c04679f865dd8cf26a7c932371a",
      "sourceName": "contracts/zoo/ZBONK.sol",
      "solcConfig": {
        "version": "0.8.20",
        "settings": {
          "optimizer": {
            "enabled": true,
            "runs": 100
          },
          "viaIR": true,
          "evmVersion": "paris",
          "outputSelection": {
            "*": {
              "*": [
                "abi",
                "evm.bytecode",
                "evm.deployedBytecode",
                "evm.methodIdentifiers",
                "metadata"
              ],
              "": [
                "ast"
              ]
            }
          }
        }
      },
      "imports": [
        "../ERC20B.sol"
      ],
      "versionPragmas": [
        "^0.8.20"
      ],
      "artifacts": [
        "ZooBONK"
      ]
    },
    "C:\\Users\\vitalik\\Documents\\bridge\\contracts\\contracts\\zoo\\ZBOME.sol": {
      "lastModificationDate": 1736422085336,
      "contentHash": "4b7d8af517fcf0946383d0bd4a7ecafd",
      "sourceName": "contracts/zoo/ZBOME.sol",
      "solcConfig": {
        "version": "0.8.20",
        "settings": {
          "optimizer": {
            "enabled": true,
            "runs": 100
          },
          "viaIR": true,
          "evmVersion": "paris",
          "outputSelection": {
            "*": {
              "*": [
                "abi",
                "evm.bytecode",
                "evm.deployedBytecode",
                "evm.methodIdentifiers",
                "metadata"
              ],
              "": [
                "ast"
              ]
            }
          }
        }
      },
      "imports": [
        "../ERC20B.sol"
      ],
      "versionPragmas": [
        "^0.8.20"
      ],
      "artifacts": [
        "ZooBOME"
      ]
    },
    "C:\\Users\\vitalik\\Documents\\bridge\\contracts\\contracts\\zoo\\ZBNB.sol": {
      "lastModificationDate": 1736422085336,
      "contentHash": "5b08bec1ab222191eb84c5a11c22ec6a",
      "sourceName": "contracts/zoo/ZBNB.sol",
      "solcConfig": {
        "version": "0.8.20",
        "settings": {
          "optimizer": {
            "enabled": true,
            "runs": 100
          },
          "viaIR": true,
          "evmVersion": "paris",
          "outputSelection": {
            "*": {
              "*": [
                "abi",
                "evm.bytecode",
                "evm.deployedBytecode",
                "evm.methodIdentifiers",
                "metadata"
              ],
              "": [
                "ast"
              ]
            }
          }
        }
      },
      "imports": [
        "../ERC20B.sol"
      ],
      "versionPragmas": [
        "^0.8.20"
      ],
      "artifacts": [
        "ZooBNB"
      ]
    },
    "C:\\Users\\vitalik\\Documents\\bridge\\contracts\\contracts\\zoo\\ZBLAST.sol": {
      "lastModificationDate": 1736422085335,
      "contentHash": "d32276667dc6c67a4aa03c15939243d8",
      "sourceName": "contracts/zoo/ZBLAST.sol",
      "solcConfig": {
        "version": "0.8.20",
        "settings": {
          "optimizer": {
            "enabled": true,
            "runs": 100
          },
          "viaIR": true,
          "evmVersion": "paris",
          "outputSelection": {
            "*": {
              "*": [
                "abi",
                "evm.bytecode",
                "evm.deployedBytecode",
                "evm.methodIdentifiers",
                "metadata"
              ],
              "": [
                "ast"
              ]
            }
          }
        }
      },
      "imports": [
        "../ERC20B.sol"
      ],
      "versionPragmas": [
        "^0.8.20"
      ],
      "artifacts": [
        "ZooBLAST"
      ]
    },
    "C:\\Users\\vitalik\\Documents\\bridge\\contracts\\contracts\\zoo\\ZAVAX.sol": {
      "lastModificationDate": 1736422085335,
      "contentHash": "7571fa7097af333caacce5738864d862",
      "sourceName": "contracts/zoo/ZAVAX.sol",
      "solcConfig": {
        "version": "0.8.20",
        "settings": {
          "optimizer": {
            "enabled": true,
            "runs": 100
          },
          "viaIR": true,
          "evmVersion": "paris",
          "outputSelection": {
            "*": {
              "*": [
                "abi",
                "evm.bytecode",
                "evm.deployedBytecode",
                "evm.methodIdentifiers",
                "metadata"
              ],
              "": [
                "ast"
              ]
            }
          }
        }
      },
      "imports": [
        "../ERC20B.sol"
      ],
      "versionPragmas": [
        "^0.8.20"
      ],
      "artifacts": [
        "ZooAVAX"
      ]
    },
    "C:\\Users\\vitalik\\Documents\\bridge\\contracts\\contracts\\zoo\\ZAI16Z.sol": {
      "lastModificationDate": 1736422085335,
      "contentHash": "9b5597b9aff4dbfcd282401e58526ac3",
      "sourceName": "contracts/zoo/ZAI16Z.sol",
      "solcConfig": {
        "version": "0.8.20",
        "settings": {
          "optimizer": {
            "enabled": true,
            "runs": 100
          },
          "viaIR": true,
          "evmVersion": "paris",
          "outputSelection": {
            "*": {
              "*": [
                "abi",
                "evm.bytecode",
                "evm.deployedBytecode",
                "evm.methodIdentifiers",
                "metadata"
              ],
              "": [
                "ast"
              ]
            }
          }
        }
      },
      "imports": [
        "../ERC20B.sol"
      ],
      "versionPragmas": [
        "^0.8.20"
      ],
      "artifacts": [
        "ZooAI16Z"
      ]
    },
    "C:\\Users\\vitalik\\Documents\\bridge\\contracts\\contracts\\zoo\\ZADA.sol": {
      "lastModificationDate": 1736422085334,
      "contentHash": "809c80ecc81da90a60a91dafcf192250",
      "sourceName": "contracts/zoo/ZADA.sol",
      "solcConfig": {
        "version": "0.8.20",
        "settings": {
          "optimizer": {
            "enabled": true,
            "runs": 100
          },
          "viaIR": true,
          "evmVersion": "paris",
          "outputSelection": {
            "*": {
              "*": [
                "abi",
                "evm.bytecode",
                "evm.deployedBytecode",
                "evm.methodIdentifiers",
                "metadata"
              ],
              "": [
                "ast"
              ]
            }
          }
        }
      },
      "imports": [
        "../ERC20B.sol"
      ],
      "versionPragmas": [
        "^0.8.20"
      ],
      "artifacts": [
        "ZooADA"
      ]
    },
    "C:\\Users\\vitalik\\Documents\\bridge\\contracts\\contracts\\zoo\\SLOG.sol": {
      "lastModificationDate": 1736931620406,
      "contentHash": "06cd3f953a20a17f1217a0373a7c2c33",
      "sourceName": "contracts/zoo/SLOG.sol",
      "solcConfig": {
        "version": "0.8.20",
        "settings": {
          "optimizer": {
            "enabled": true,
            "runs": 100
          },
          "viaIR": true,
          "evmVersion": "paris",
          "outputSelection": {
            "*": {
              "*": [
                "abi",
                "evm.bytecode",
                "evm.deployedBytecode",
                "evm.methodIdentifiers",
                "metadata"
              ],
              "": [
                "ast"
              ]
            }
          }
        }
      },
      "imports": [
        "../ERC20B.sol"
      ],
      "versionPragmas": [
        "^0.8.20"
      ],
      "artifacts": [
        "SLOG"
      ]
    },
    "C:\\Users\\vitalik\\Documents\\bridge\\contracts\\contracts\\lux\\LZOO.sol": {
      "lastModificationDate": 1736422085334,
      "contentHash": "b88799e082a8f32141c3c7176169d733",
      "sourceName": "contracts/lux/LZOO.sol",
      "solcConfig": {
        "version": "0.8.20",
        "settings": {
          "optimizer": {
            "enabled": true,
            "runs": 100
          },
          "viaIR": true,
          "evmVersion": "paris",
          "outputSelection": {
            "*": {
              "*": [
                "abi",
                "evm.bytecode",
                "evm.deployedBytecode",
                "evm.methodIdentifiers",
                "metadata"
              ],
              "": [
                "ast"
              ]
            }
          }
        }
      },
      "imports": [
        "../ERC20B.sol"
      ],
      "versionPragmas": [
        "^0.8.20"
      ],
      "artifacts": [
        "LuxZOO"
      ]
    },
    "C:\\Users\\vitalik\\Documents\\bridge\\contracts\\contracts\\lux\\LXDAI.sol": {
      "lastModificationDate": 1736422085333,
      "contentHash": "e2083e5cb4fb50080aa1802607e56a4b",
      "sourceName": "contracts/lux/LXDAI.sol",
      "solcConfig": {
        "version": "0.8.20",
        "settings": {
          "optimizer": {
            "enabled": true,
            "runs": 100
          },
          "viaIR": true,
          "evmVersion": "paris",
          "outputSelection": {
            "*": {
              "*": [
                "abi",
                "evm.bytecode",
                "evm.deployedBytecode",
                "evm.methodIdentifiers",
                "metadata"
              ],
              "": [
                "ast"
              ]
            }
          }
        }
      },
      "imports": [
        "../ERC20B.sol"
      ],
      "versionPragmas": [
        "^0.8.20"
      ],
      "artifacts": [
        "LuxXDAI"
      ]
    },
    "C:\\Users\\vitalik\\Documents\\bridge\\contracts\\contracts\\lux\\LWIF.sol": {
      "lastModificationDate": 1736422085332,
      "contentHash": "a8575a39c39ac189897f09107b90d311",
      "sourceName": "contracts/lux/LWIF.sol",
      "solcConfig": {
        "version": "0.8.20",
        "settings": {
          "optimizer": {
            "enabled": true,
            "runs": 100
          },
          "viaIR": true,
          "evmVersion": "paris",
          "outputSelection": {
            "*": {
              "*": [
                "abi",
                "evm.bytecode",
                "evm.deployedBytecode",
                "evm.methodIdentifiers",
                "metadata"
              ],
              "": [
                "ast"
              ]
            }
          }
        }
      },
      "imports": [
        "../ERC20B.sol"
      ],
      "versionPragmas": [
        "^0.8.20"
      ],
      "artifacts": [
        "LuxWIF"
      ]
    },
    "C:\\Users\\vitalik\\Documents\\bridge\\contracts\\contracts\\lux\\LUSD.sol": {
      "lastModificationDate": 1736422085332,
      "contentHash": "a6baddc18ef239fcb5b18fe8b8a1d0a2",
      "sourceName": "contracts/lux/LUSD.sol",
      "solcConfig": {
        "version": "0.8.20",
        "settings": {
          "optimizer": {
            "enabled": true,
            "runs": 100
          },
          "viaIR": true,
          "evmVersion": "paris",
          "outputSelection": {
            "*": {
              "*": [
                "abi",
                "evm.bytecode",
                "evm.deployedBytecode",
                "evm.methodIdentifiers",
                "metadata"
              ],
              "": [
                "ast"
              ]
            }
          }
        }
      },
      "imports": [
        "../ERC20B.sol"
      ],
      "versionPragmas": [
        "^0.8.20"
      ],
      "artifacts": [
        "LuxUSD"
      ]
    },
    "C:\\Users\\vitalik\\Documents\\bridge\\contracts\\contracts\\lux\\LTON.sol": {
      "lastModificationDate": 1736422085332,
      "contentHash": "7fac75e967a2101a4f2f5f32f14654ae",
      "sourceName": "contracts/lux/LTON.sol",
      "solcConfig": {
        "version": "0.8.20",
        "settings": {
          "optimizer": {
            "enabled": true,
            "runs": 100
          },
          "viaIR": true,
          "evmVersion": "paris",
          "outputSelection": {
            "*": {
              "*": [
                "abi",
                "evm.bytecode",
                "evm.deployedBytecode",
                "evm.methodIdentifiers",
                "metadata"
              ],
              "": [
                "ast"
              ]
            }
          }
        }
      },
      "imports": [
        "../ERC20B.sol"
      ],
      "versionPragmas": [
        "^0.8.20"
      ],
      "artifacts": [
        "LuxTON"
      ]
    },
    "C:\\Users\\vitalik\\Documents\\bridge\\contracts\\contracts\\lux\\LSOL.sol": {
      "lastModificationDate": 1736422085331,
      "contentHash": "d13f641b897bec558b28d18c68e74c48",
      "sourceName": "contracts/lux/LSOL.sol",
      "solcConfig": {
        "version": "0.8.20",
        "settings": {
          "optimizer": {
            "enabled": true,
            "runs": 100
          },
          "viaIR": true,
          "evmVersion": "paris",
          "outputSelection": {
            "*": {
              "*": [
                "abi",
                "evm.bytecode",
                "evm.deployedBytecode",
                "evm.methodIdentifiers",
                "metadata"
              ],
              "": [
                "ast"
              ]
            }
          }
        }
      },
      "imports": [
        "../ERC20B.sol"
      ],
      "versionPragmas": [
        "^0.8.20"
      ],
      "artifacts": [
        "LuxSOL"
      ]
    },
    "C:\\Users\\vitalik\\Documents\\bridge\\contracts\\contracts\\lux\\LREDO.sol": {
      "lastModificationDate": 1736422085331,
      "contentHash": "9da2e0c8bbd4e9ee7ee6688a7f361854",
      "sourceName": "contracts/lux/LREDO.sol",
      "solcConfig": {
        "version": "0.8.20",
        "settings": {
          "optimizer": {
            "enabled": true,
            "runs": 100
          },
          "viaIR": true,
          "evmVersion": "paris",
          "outputSelection": {
            "*": {
              "*": [
                "abi",
                "evm.bytecode",
                "evm.deployedBytecode",
                "evm.methodIdentifiers",
                "metadata"
              ],
              "": [
                "ast"
              ]
            }
          }
        }
      },
      "imports": [
        "../ERC20B.sol"
      ],
      "versionPragmas": [
        "^0.8.20"
      ],
      "artifacts": [
        "LuxREDO"
      ]
    },
    "C:\\Users\\vitalik\\Documents\\bridge\\contracts\\contracts\\lux\\LPOPCAT.sol": {
      "lastModificationDate": 1736422085331,
      "contentHash": "c73920f7de3e6971dd475b00e175f11a",
      "sourceName": "contracts/lux/LPOPCAT.sol",
      "solcConfig": {
        "version": "0.8.20",
        "settings": {
          "optimizer": {
            "enabled": true,
            "runs": 100
          },
          "viaIR": true,
          "evmVersion": "paris",
          "outputSelection": {
            "*": {
              "*": [
                "abi",
                "evm.bytecode",
                "evm.deployedBytecode",
                "evm.methodIdentifiers",
                "metadata"
              ],
              "": [
                "ast"
              ]
            }
          }
        }
      },
      "imports": [
        "../ERC20B.sol"
      ],
      "versionPragmas": [
        "^0.8.20"
      ],
      "artifacts": [
        "LuxPopcat"
      ]
    },
    "C:\\Users\\vitalik\\Documents\\bridge\\contracts\\contracts\\lux\\LPONKE.sol": {
      "lastModificationDate": 1736422085330,
      "contentHash": "957bc5457f44107130f445c71431c75c",
      "sourceName": "contracts/lux/LPONKE.sol",
      "solcConfig": {
        "version": "0.8.20",
        "settings": {
          "optimizer": {
            "enabled": true,
            "runs": 100
          },
          "viaIR": true,
          "evmVersion": "paris",
          "outputSelection": {
            "*": {
              "*": [
                "abi",
                "evm.bytecode",
                "evm.deployedBytecode",
                "evm.methodIdentifiers",
                "metadata"
              ],
              "": [
                "ast"
              ]
            }
          }
        }
      },
      "imports": [
        "../ERC20B.sol"
      ],
      "versionPragmas": [
        "^0.8.20"
      ],
      "artifacts": [
        "LuxPONKE"
      ]
    },
    "C:\\Users\\vitalik\\Documents\\bridge\\contracts\\contracts\\lux\\LPOL.sol": {
      "lastModificationDate": 1736422085330,
      "contentHash": "cee81e976caa80b368c3dfe5daab295d",
      "sourceName": "contracts/lux/LPOL.sol",
      "solcConfig": {
        "version": "0.8.20",
        "settings": {
          "optimizer": {
            "enabled": true,
            "runs": 100
          },
          "viaIR": true,
          "evmVersion": "paris",
          "outputSelection": {
            "*": {
              "*": [
                "abi",
                "evm.bytecode",
                "evm.deployedBytecode",
                "evm.methodIdentifiers",
                "metadata"
              ],
              "": [
                "ast"
              ]
            }
          }
        }
      },
      "imports": [
        "../ERC20B.sol"
      ],
      "versionPragmas": [
        "^0.8.20"
      ],
      "artifacts": [
        "LuxPOL"
      ]
    },
    "C:\\Users\\vitalik\\Documents\\bridge\\contracts\\contracts\\lux\\LPNUT.sol": {
      "lastModificationDate": 1736422085329,
      "contentHash": "d15bf902565fd3824103961e8cad148e",
      "sourceName": "contracts/lux/LPNUT.sol",
      "solcConfig": {
        "version": "0.8.20",
        "settings": {
          "optimizer": {
            "enabled": true,
            "runs": 100
          },
          "viaIR": true,
          "evmVersion": "paris",
          "outputSelection": {
            "*": {
              "*": [
                "abi",
                "evm.bytecode",
                "evm.deployedBytecode",
                "evm.methodIdentifiers",
                "metadata"
              ],
              "": [
                "ast"
              ]
            }
          }
        }
      },
      "imports": [
        "../ERC20B.sol"
      ],
      "versionPragmas": [
        "^0.8.20"
      ],
      "artifacts": [
        "LuxPNUT"
      ]
    },
    "C:\\Users\\vitalik\\Documents\\bridge\\contracts\\contracts\\lux\\LNOT.sol": {
      "lastModificationDate": 1736422085329,
      "contentHash": "8bb2b03e5bf22b1190cd7106391ed2b7",
      "sourceName": "contracts/lux/LNOT.sol",
      "solcConfig": {
        "version": "0.8.20",
        "settings": {
          "optimizer": {
            "enabled": true,
            "runs": 100
          },
          "viaIR": true,
          "evmVersion": "paris",
          "outputSelection": {
            "*": {
              "*": [
                "abi",
                "evm.bytecode",
                "evm.deployedBytecode",
                "evm.methodIdentifiers",
                "metadata"
              ],
              "": [
                "ast"
              ]
            }
          }
        }
      },
      "imports": [
        "../ERC20B.sol"
      ],
      "versionPragmas": [
        "^0.8.20"
      ],
      "artifacts": [
        "LuxNOT"
      ]
    },
    "C:\\Users\\vitalik\\Documents\\bridge\\contracts\\contracts\\lux\\LMRB.sol": {
      "lastModificationDate": 1736422085329,
      "contentHash": "969ecf172424de3e336bbae58bd3cbe1",
      "sourceName": "contracts/lux/LMRB.sol",
      "solcConfig": {
        "version": "0.8.20",
        "settings": {
          "optimizer": {
            "enabled": true,
            "runs": 100
          },
          "viaIR": true,
          "evmVersion": "paris",
          "outputSelection": {
            "*": {
              "*": [
                "abi",
                "evm.bytecode",
                "evm.deployedBytecode",
                "evm.methodIdentifiers",
                "metadata"
              ],
              "": [
                "ast"
              ]
            }
          }
        }
      },
      "imports": [
        "../ERC20B.sol"
      ],
      "versionPragmas": [
        "^0.8.20"
      ],
      "artifacts": [
        "LuxMRB"
      ]
    },
    "C:\\Users\\vitalik\\Documents\\bridge\\contracts\\contracts\\lux\\LMOODENG.sol": {
      "lastModificationDate": 1736422085328,
      "contentHash": "d51c802905d165bd8ce7d77b266a0234",
      "sourceName": "contracts/lux/LMOODENG.sol",
      "solcConfig": {
        "version": "0.8.20",
        "settings": {
          "optimizer": {
            "enabled": true,
            "runs": 100
          },
          "viaIR": true,
          "evmVersion": "paris",
          "outputSelection": {
            "*": {
              "*": [
                "abi",
                "evm.bytecode",
                "evm.deployedBytecode",
                "evm.methodIdentifiers",
                "metadata"
              ],
              "": [
                "ast"
              ]
            }
          }
        }
      },
      "imports": [
        "../ERC20B.sol"
      ],
      "versionPragmas": [
        "^0.8.20"
      ],
      "artifacts": [
        "LuxMOODENG"
      ]
    },
    "C:\\Users\\vitalik\\Documents\\bridge\\contracts\\contracts\\lux\\LMEW.sol": {
      "lastModificationDate": 1736422085328,
      "contentHash": "71da7e0eaa677379c031bd14eeb1e429",
      "sourceName": "contracts/lux/LMEW.sol",
      "solcConfig": {
        "version": "0.8.20",
        "settings": {
          "optimizer": {
            "enabled": true,
            "runs": 100
          },
          "viaIR": true,
          "evmVersion": "paris",
          "outputSelection": {
            "*": {
              "*": [
                "abi",
                "evm.bytecode",
                "evm.deployedBytecode",
                "evm.methodIdentifiers",
                "metadata"
              ],
              "": [
                "ast"
              ]
            }
          }
        }
      },
      "imports": [
        "../ERC20B.sol"
      ],
      "versionPragmas": [
        "^0.8.20"
      ],
      "artifacts": [
        "LuxMEW"
      ]
    },
    "C:\\Users\\vitalik\\Documents\\bridge\\contracts\\contracts\\lux\\LGIGA.sol": {
      "lastModificationDate": 1736422085328,
      "contentHash": "30f87b6ac30e7659cec6943600f099c6",
      "sourceName": "contracts/lux/LGIGA.sol",
      "solcConfig": {
        "version": "0.8.20",
        "settings": {
          "optimizer": {
            "enabled": true,
            "runs": 100
          },
          "viaIR": true,
          "evmVersion": "paris",
          "outputSelection": {
            "*": {
              "*": [
                "abi",
                "evm.bytecode",
                "evm.deployedBytecode",
                "evm.methodIdentifiers",
                "metadata"
              ],
              "": [
                "ast"
              ]
            }
          }
        }
      },
      "imports": [
        "../ERC20B.sol"
      ],
      "versionPragmas": [
        "^0.8.20"
      ],
      "artifacts": [
        "LuxGIGA"
      ]
    },
    "C:\\Users\\vitalik\\Documents\\bridge\\contracts\\contracts\\lux\\LFWOG.sol": {
      "lastModificationDate": 1736422085327,
      "contentHash": "e1b7b8a57dfdf350ccdee2bad5dd650a",
      "sourceName": "contracts/lux/LFWOG.sol",
      "solcConfig": {
        "version": "0.8.20",
        "settings": {
          "optimizer": {
            "enabled": true,
            "runs": 100
          },
          "viaIR": true,
          "evmVersion": "paris",
          "outputSelection": {
            "*": {
              "*": [
                "abi",
                "evm.bytecode",
                "evm.deployedBytecode",
                "evm.methodIdentifiers",
                "metadata"
              ],
              "": [
                "ast"
              ]
            }
          }
        }
      },
      "imports": [
        "../ERC20B.sol"
      ],
      "versionPragmas": [
        "^0.8.20"
      ],
      "artifacts": [
        "LuxFWOG"
      ]
    },
    "C:\\Users\\vitalik\\Documents\\bridge\\contracts\\contracts\\lux\\LFTM.sol": {
      "lastModificationDate": 1736422085327,
      "contentHash": "a86bb8f9b09ea5a7cb0a148baae804b3",
      "sourceName": "contracts/lux/LFTM.sol",
      "solcConfig": {
        "version": "0.8.20",
        "settings": {
          "optimizer": {
            "enabled": true,
            "runs": 100
          },
          "viaIR": true,
          "evmVersion": "paris",
          "outputSelection": {
            "*": {
              "*": [
                "abi",
                "evm.bytecode",
                "evm.deployedBytecode",
                "evm.methodIdentifiers",
                "metadata"
              ],
              "": [
                "ast"
              ]
            }
          }
        }
      },
      "imports": [
        "../ERC20B.sol"
      ],
      "versionPragmas": [
        "^0.8.20"
      ],
      "artifacts": [
        "LuxFTM"
      ]
    },
    "C:\\Users\\vitalik\\Documents\\bridge\\contracts\\contracts\\lux\\LETH.sol": {
      "lastModificationDate": 1736422085326,
      "contentHash": "5f0e9b715d1ce3008c28ea210ee3f0da",
      "sourceName": "contracts/lux/LETH.sol",
      "solcConfig": {
        "version": "0.8.20",
        "settings": {
          "optimizer": {
            "enabled": true,
            "runs": 100
          },
          "viaIR": true,
          "evmVersion": "paris",
          "outputSelection": {
            "*": {
              "*": [
                "abi",
                "evm.bytecode",
                "evm.deployedBytecode",
                "evm.methodIdentifiers",
                "metadata"
              ],
              "": [
                "ast"
              ]
            }
          }
        }
      },
      "imports": [
        "../ERC20B.sol"
      ],
      "versionPragmas": [
        "^0.8.20"
      ],
      "artifacts": [
        "LuxETH"
      ]
    },
    "C:\\Users\\vitalik\\Documents\\bridge\\contracts\\contracts\\lux\\LDOGS.sol": {
      "lastModificationDate": 1736422085326,
      "contentHash": "8766b54c2fa37f4e373d37e8a464d891",
      "sourceName": "contracts/lux/LDOGS.sol",
      "solcConfig": {
        "version": "0.8.20",
        "settings": {
          "optimizer": {
            "enabled": true,
            "runs": 100
          },
          "viaIR": true,
          "evmVersion": "paris",
          "outputSelection": {
            "*": {
              "*": [
                "abi",
                "evm.bytecode",
                "evm.deployedBytecode",
                "evm.methodIdentifiers",
                "metadata"
              ],
              "": [
                "ast"
              ]
            }
          }
        }
      },
      "imports": [
        "../ERC20B.sol"
      ],
      "versionPragmas": [
        "^0.8.20"
      ],
      "artifacts": [
        "LuxDOGS"
      ]
    },
    "C:\\Users\\vitalik\\Documents\\bridge\\contracts\\contracts\\lux\\LCELO.sol": {
      "lastModificationDate": 1736422085326,
      "contentHash": "31b968f475cc62fe2ef64a843dc41311",
      "sourceName": "contracts/lux/LCELO.sol",
      "solcConfig": {
        "version": "0.8.20",
        "settings": {
          "optimizer": {
            "enabled": true,
            "runs": 100
          },
          "viaIR": true,
          "evmVersion": "paris",
          "outputSelection": {
            "*": {
              "*": [
                "abi",
                "evm.bytecode",
                "evm.deployedBytecode",
                "evm.methodIdentifiers",
                "metadata"
              ],
              "": [
                "ast"
              ]
            }
          }
        }
      },
      "imports": [
        "../ERC20B.sol"
      ],
      "versionPragmas": [
        "^0.8.20"
      ],
      "artifacts": [
        "LuxCELO"
      ]
    },
    "C:\\Users\\vitalik\\Documents\\bridge\\contracts\\contracts\\lux\\LBTC.sol": {
      "lastModificationDate": 1736422085325,
      "contentHash": "40975d19440dfeed1c9625ba9c4508f0",
      "sourceName": "contracts/lux/LBTC.sol",
      "solcConfig": {
        "version": "0.8.20",
        "settings": {
          "optimizer": {
            "enabled": true,
            "runs": 100
          },
          "viaIR": true,
          "evmVersion": "paris",
          "outputSelection": {
            "*": {
              "*": [
                "abi",
                "evm.bytecode",
                "evm.deployedBytecode",
                "evm.methodIdentifiers",
                "metadata"
              ],
              "": [
                "ast"
              ]
            }
          }
        }
      },
      "imports": [
        "../ERC20B.sol"
      ],
      "versionPragmas": [
        "^0.8.20"
      ],
      "artifacts": [
        "LuxBTC"
      ]
    },
    "C:\\Users\\vitalik\\Documents\\bridge\\contracts\\contracts\\lux\\LBONK.sol": {
      "lastModificationDate": 1736422085325,
      "contentHash": "e37283307a4c896ee049b2689f05999f",
      "sourceName": "contracts/lux/LBONK.sol",
      "solcConfig": {
        "version": "0.8.20",
        "settings": {
          "optimizer": {
            "enabled": true,
            "runs": 100
          },
          "viaIR": true,
          "evmVersion": "paris",
          "outputSelection": {
            "*": {
              "*": [
                "abi",
                "evm.bytecode",
                "evm.deployedBytecode",
                "evm.methodIdentifiers",
                "metadata"
              ],
              "": [
                "ast"
              ]
            }
          }
        }
      },
      "imports": [
        "../ERC20B.sol"
      ],
      "versionPragmas": [
        "^0.8.20"
      ],
      "artifacts": [
        "LuxBONK"
      ]
    },
    "C:\\Users\\vitalik\\Documents\\bridge\\contracts\\contracts\\lux\\LBOME.sol": {
      "lastModificationDate": 1736422085324,
      "contentHash": "553a01d471c00558c4336e05014bcb81",
      "sourceName": "contracts/lux/LBOME.sol",
      "solcConfig": {
        "version": "0.8.20",
        "settings": {
          "optimizer": {
            "enabled": true,
            "runs": 100
          },
          "viaIR": true,
          "evmVersion": "paris",
          "outputSelection": {
            "*": {
              "*": [
                "abi",
                "evm.bytecode",
                "evm.deployedBytecode",
                "evm.methodIdentifiers",
                "metadata"
              ],
              "": [
                "ast"
              ]
            }
          }
        }
      },
      "imports": [
        "../ERC20B.sol"
      ],
      "versionPragmas": [
        "^0.8.20"
      ],
      "artifacts": [
        "LuxBOME"
      ]
    },
    "C:\\Users\\vitalik\\Documents\\bridge\\contracts\\contracts\\lux\\LBNB.sol": {
      "lastModificationDate": 1736422085324,
      "contentHash": "b3f34b76c6119ecbd1c4473298a8628f",
      "sourceName": "contracts/lux/LBNB.sol",
      "solcConfig": {
        "version": "0.8.20",
        "settings": {
          "optimizer": {
            "enabled": true,
            "runs": 100
          },
          "viaIR": true,
          "evmVersion": "paris",
          "outputSelection": {
            "*": {
              "*": [
                "abi",
                "evm.bytecode",
                "evm.deployedBytecode",
                "evm.methodIdentifiers",
                "metadata"
              ],
              "": [
                "ast"
              ]
            }
          }
        }
      },
      "imports": [
        "../ERC20B.sol"
      ],
      "versionPragmas": [
        "^0.8.20"
      ],
      "artifacts": [
        "LuxBNB"
      ]
    },
    "C:\\Users\\vitalik\\Documents\\bridge\\contracts\\contracts\\lux\\LBLAST.sol": {
      "lastModificationDate": 1736422085323,
      "contentHash": "a7677fba7a6b085269364395c9daa7f5",
      "sourceName": "contracts/lux/LBLAST.sol",
      "solcConfig": {
        "version": "0.8.20",
        "settings": {
          "optimizer": {
            "enabled": true,
            "runs": 100
          },
          "viaIR": true,
          "evmVersion": "paris",
          "outputSelection": {
            "*": {
              "*": [
                "abi",
                "evm.bytecode",
                "evm.deployedBytecode",
                "evm.methodIdentifiers",
                "metadata"
              ],
              "": [
                "ast"
              ]
            }
          }
        }
      },
      "imports": [
        "../ERC20B.sol"
      ],
      "versionPragmas": [
        "^0.8.20"
      ],
      "artifacts": [
        "LuxBLAST"
      ]
    },
    "C:\\Users\\vitalik\\Documents\\bridge\\contracts\\contracts\\lux\\LAVAX.sol": {
      "lastModificationDate": 1736422085323,
      "contentHash": "25def28048b4cf7c3b707cac55c7ac9f",
      "sourceName": "contracts/lux/LAVAX.sol",
      "solcConfig": {
        "version": "0.8.20",
        "settings": {
          "optimizer": {
            "enabled": true,
            "runs": 100
          },
          "viaIR": true,
          "evmVersion": "paris",
          "outputSelection": {
            "*": {
              "*": [
                "abi",
                "evm.bytecode",
                "evm.deployedBytecode",
                "evm.methodIdentifiers",
                "metadata"
              ],
              "": [
                "ast"
              ]
            }
          }
        }
      },
      "imports": [
        "../ERC20B.sol"
      ],
      "versionPragmas": [
        "^0.8.20"
      ],
      "artifacts": [
        "LuxAVAX"
      ]
    },
    "C:\\Users\\vitalik\\Documents\\bridge\\contracts\\contracts\\lux\\LAI16Z.sol": {
      "lastModificationDate": 1736422085323,
      "contentHash": "b1944489e93d066b406107bd0002d5e5",
      "sourceName": "contracts/lux/LAI16Z.sol",
      "solcConfig": {
        "version": "0.8.20",
        "settings": {
          "optimizer": {
            "enabled": true,
            "runs": 100
          },
          "viaIR": true,
          "evmVersion": "paris",
          "outputSelection": {
            "*": {
              "*": [
                "abi",
                "evm.bytecode",
                "evm.deployedBytecode",
                "evm.methodIdentifiers",
                "metadata"
              ],
              "": [
                "ast"
              ]
            }
          }
        }
      },
      "imports": [
        "../ERC20B.sol"
      ],
      "versionPragmas": [
        "^0.8.20"
      ],
      "artifacts": [
        "LuxAI16Z"
      ]
    },
    "C:\\Users\\vitalik\\Documents\\bridge\\contracts\\contracts\\lux\\LADA.sol": {
      "lastModificationDate": 1736422085323,
      "contentHash": "f346d505a8ef1bed7c12db727b2f9aa6",
      "sourceName": "contracts/lux/LADA.sol",
      "solcConfig": {
        "version": "0.8.20",
        "settings": {
          "optimizer": {
            "enabled": true,
            "runs": 100
          },
          "viaIR": true,
          "evmVersion": "paris",
          "outputSelection": {
            "*": {
              "*": [
                "abi",
                "evm.bytecode",
                "evm.deployedBytecode",
                "evm.methodIdentifiers",
                "metadata"
              ],
              "": [
                "ast"
              ]
            }
          }
        }
      },
      "imports": [
        "../ERC20B.sol"
      ],
      "versionPragmas": [
        "^0.8.20"
      ],
      "artifacts": [
        "LuxADA"
      ]
    },
    "C:\\Users\\vitalik\\Documents\\bridge\\contracts\\contracts\\WETH.sol": {
      "lastModificationDate": 1736422085322,
      "contentHash": "a9506e4da2ed1234fa230378687a8ef7",
      "sourceName": "contracts/WETH.sol",
      "solcConfig": {
        "version": "0.8.20",
        "settings": {
          "optimizer": {
            "enabled": true,
            "runs": 100
          },
          "viaIR": true,
          "evmVersion": "paris",
          "outputSelection": {
            "*": {
              "*": [
                "abi",
                "evm.bytecode",
                "evm.deployedBytecode",
                "evm.methodIdentifiers",
                "metadata"
              ],
              "": [
                "ast"
              ]
            }
          }
        }
      },
      "imports": [
        "@openzeppelin/contracts/token/ERC20/ERC20.sol"
      ],
      "versionPragmas": [
        "^0.8.20"
      ],
      "artifacts": [
        "WETH"
      ]
    },
    "C:\\Users\\vitalik\\Documents\\bridge\\contracts\\contracts\\USDT.sol": {
      "lastModificationDate": 1736422085322,
      "contentHash": "75f094a68dc51912565d73281b139fbb",
      "sourceName": "contracts/USDT.sol",
      "solcConfig": {
        "version": "0.8.20",
        "settings": {
          "optimizer": {
            "enabled": true,
            "runs": 100
          },
          "viaIR": true,
          "evmVersion": "paris",
          "outputSelection": {
            "*": {
              "*": [
                "abi",
                "evm.bytecode",
                "evm.deployedBytecode",
                "evm.methodIdentifiers",
                "metadata"
              ],
              "": [
                "ast"
              ]
            }
          }
        }
      },
      "imports": [
        "@openzeppelin/contracts/token/ERC20/ERC20.sol"
      ],
      "versionPragmas": [
        "^0.8.20"
      ],
      "artifacts": [
        "USDT"
      ]
    },
    "C:\\Users\\vitalik\\Documents\\bridge\\contracts\\contracts\\USDC.sol": {
      "lastModificationDate": 1736422085321,
      "contentHash": "303c8cba02e7436ad76068eda68cef8e",
      "sourceName": "contracts/USDC.sol",
      "solcConfig": {
        "version": "0.8.20",
        "settings": {
          "optimizer": {
            "enabled": true,
            "runs": 100
          },
          "viaIR": true,
          "evmVersion": "paris",
          "outputSelection": {
            "*": {
              "*": [
                "abi",
                "evm.bytecode",
                "evm.deployedBytecode",
                "evm.methodIdentifiers",
                "metadata"
              ],
              "": [
                "ast"
              ]
            }
          }
        }
      },
      "imports": [
        "@openzeppelin/contracts/token/ERC20/ERC20.sol"
      ],
      "versionPragmas": [
        "^0.8.20"
      ],
      "artifacts": [
        "USDC"
      ]
    },
    "C:\\Users\\vitalik\\Documents\\bridge\\contracts\\contracts\\DAI.sol": {
      "lastModificationDate": 1736422085319,
      "contentHash": "f31368c3944bbed66ef5df6a90e2cc93",
      "sourceName": "contracts/DAI.sol",
      "solcConfig": {
        "version": "0.8.20",
        "settings": {
          "optimizer": {
            "enabled": true,
            "runs": 100
          },
          "viaIR": true,
          "evmVersion": "paris",
          "outputSelection": {
            "*": {
              "*": [
                "abi",
                "evm.bytecode",
                "evm.deployedBytecode",
                "evm.methodIdentifiers",
                "metadata"
              ],
              "": [
                "ast"
              ]
            }
          }
        }
      },
      "imports": [
        "@openzeppelin/contracts/token/ERC20/ERC20.sol"
      ],
      "versionPragmas": [
        "^0.8.20"
      ],
      "artifacts": [
        "DAI"
      ]
    },
    "C:\\Users\\vitalik\\Documents\\bridge\\contracts\\contracts\\zoo\\Z.sol": {
      "lastModificationDate": 1737352768547,
      "contentHash": "c16cf5b91224d570017c636787dd1f97",
      "sourceName": "contracts/zoo/Z.sol",
      "solcConfig": {
        "version": "0.8.20",
        "settings": {
          "optimizer": {
            "enabled": true,
            "runs": 100
          },
          "viaIR": true,
          "evmVersion": "paris",
          "outputSelection": {
            "*": {
              "*": [
                "abi",
                "evm.bytecode",
                "evm.deployedBytecode",
                "evm.methodIdentifiers",
                "metadata"
              ],
              "": [
                "ast"
              ]
            }
          }
        }
      },
      "imports": [
        "../ERC20B.sol"
      ],
      "versionPragmas": [
        "^0.8.20"
      ],
      "artifacts": [
        "Z"
      ]
    },
    "C:\\Users\\vitalik\\Documents\\bridge\\contracts\\contracts\\zoo\\TRUMP.sol": {
      "lastModificationDate": 1737352762106,
      "contentHash": "efa8b94d7a2d7640545bb26bc3f2cc7c",
      "sourceName": "contracts/zoo/TRUMP.sol",
      "solcConfig": {
        "version": "0.8.20",
        "settings": {
          "optimizer": {
            "enabled": true,
            "runs": 100
          },
          "viaIR": true,
          "evmVersion": "paris",
          "outputSelection": {
            "*": {
              "*": [
                "abi",
                "evm.bytecode",
                "evm.deployedBytecode",
                "evm.methodIdentifiers",
                "metadata"
              ],
              "": [
                "ast"
              ]
            }
          }
        }
      },
      "imports": [
        "../ERC20B.sol"
      ],
      "versionPragmas": [
        "^0.8.20"
      ],
      "artifacts": [
        "TRUMP"
      ]
    },
    "C:\\Users\\vitalik\\Documents\\bridge\\contracts\\contracts\\zoo\\MELANIA.sol": {
      "lastModificationDate": 1737381011422,
      "contentHash": "8ab60d66baabef402cc7bb3078356b34",
      "sourceName": "contracts/zoo/MELANIA.sol",
      "solcConfig": {
        "version": "0.8.20",
        "settings": {
          "optimizer": {
            "enabled": true,
            "runs": 100
          },
          "viaIR": true,
          "evmVersion": "paris",
          "outputSelection": {
            "*": {
              "*": [
                "abi",
                "evm.bytecode",
                "evm.deployedBytecode",
                "evm.methodIdentifiers",
                "metadata"
              ],
              "": [
                "ast"
              ]
            }
          }
        }
      },
      "imports": [
        "../ERC20B.sol"
      ],
      "versionPragmas": [
        "^0.8.20"
      ],
      "artifacts": [
        "MELANIA"
      ]
    },
    "C:\\Users\\vitalik\\Documents\\bridge\\contracts\\contracts\\zoo\\CYRUS.sol": {
      "lastModificationDate": 1737443561388,
      "contentHash": "d7db39ec18343d0f58bc27a5c96cc865",
      "sourceName": "contracts/zoo/CYRUS.sol",
      "solcConfig": {
        "version": "0.8.20",
        "settings": {
          "optimizer": {
            "enabled": true,
            "runs": 100
          },
          "viaIR": true,
          "evmVersion": "paris",
          "outputSelection": {
            "*": {
              "*": [
                "abi",
                "evm.bytecode",
                "evm.deployedBytecode",
                "evm.methodIdentifiers",
                "metadata"
              ],
              "": [
                "ast"
              ]
            }
          }
        }
      },
      "imports": [
        "../ERC20B.sol"
      ],
      "versionPragmas": [
        "^0.8.20"
      ],
      "artifacts": [
        "CYRUS"
      ]
    }
  }
}
